{
    "CLASS_DIST_0": 39381,
    "CLASS_DIST_1": 5397,
    "CLASS_DIST_2": 98,
    "CLASS_DIST_3": 3,
    "CLASS_DIST_4": 0,
    "TOTAL_TEST": 44879,
    "TOTAL_SAMPLES": 224395,
    "RECALL_XGB": 100.0,
    "CSI_XGB": 100.0,
    "RECALL_PERS": 0.9900990099009901,
    "CSI_PERS": 0.4975124378109453,
    "MAE_R_XGB": 0.29046493067717616,
    "RMSE_R_XGB": 0.6640009610584807,
    "MBE_R_XGB": 0.12980651008179622,
    "MAE_R_PERS": 0.5133178089931265,
    "RMSE_R_PERS": 1.280450119390122,
    "MBE_R_PERS": -0.00018939815949553136,
    "MAE_W_XGB": 0.5769302969013955,
    "RMSE_W_XGB": 0.7714750955312127,
    "MBE_W_XGB": -0.24121547221339884,
    "MAE_W_PERS": 12.930680661369868,
    "RMSE_W_PERS": 16.22021291530306,
    "MBE_W_PERS": -0.0007509079970587594,
    "MAE_P_XGB": 10.461268532198668,
    "RMSE_P_XGB": 10.471219693476172,
    "MBE_P_XGB": -10.46094927803487,
    "MAE_P_PERS": 3.970090249615633,
    "RMSE_P_PERS": 5.543285390126614,
    "MBE_P_PERS": -0.00012923639118518835,
    "CORR_WIND_WAVE": 0.8935221195570833,
    "CORR_WIND_CURRENT": 0.2300043761506618,
    "CORR_WIND_PRES": 0.05567018247260759,
    "SST_STRONG": 26.764504918787395,
    "SST_NORMAL": 27.850431047900486
}