{
    "CLASS_DIST_0": 9607,
    "CLASS_DIST_1": 34309,
    "CLASS_DIST_2": 937,
    "CLASS_DIST_3": 26,
    "CLASS_DIST_4": 0,
    "TOTAL_TEST": 44879,
    "TOTAL_SAMPLES": 224395,
    "RECALL_XGB": 9.968847352024921,
    "CSI_XGB": 9.968847352024921,
    "RECALL_PERS": 0.20768431983385255,
    "CSI_PERS": 0.18832391713747645,
    "MAE_R_XGB": 0.2920148963201852,
    "RMSE_R_XGB": 0.6756737793759499,
    "MBE_R_XGB": 0.13036785226139322,
    "MAE_R_PERS": 0.5133178089931265,
    "RMSE_R_PERS": 1.280450119390122,
    "MBE_R_PERS": -0.00018939815949553136,
    "MAE_W_XGB": 0.9123140591660593,
    "RMSE_W_XGB": 1.3059522601962872,
    "MBE_W_XGB": -0.22988459321238958,
    "MAE_W_PERS": 12.930680661369868,
    "RMSE_W_PERS": 16.22021291530306,
    "MBE_W_PERS": -0.0007509079970587594,
    "MAE_P_XGB": 10.457674813097725,
    "RMSE_P_XGB": 10.599427793834518,
    "MBE_P_XGB": -10.45720897446339,
    "MAE_P_PERS": 3.970090249615633,
    "RMSE_P_PERS": 5.543285390126614,
    "MBE_P_PERS": -0.00012923639118518835,
    "CORR_WIND_WAVE": 0.9009115822819879,
    "CORR_WIND_CURRENT": 0.22915761768571158,
    "CORR_WIND_PRES": 0.07478533430872542,
    "SST_STRONG": 26.682315748971064,
    "SST_NORMAL": 27.850485991286575
}